,Unnamed: 0,Sr_No,FIR_No,IPC,Date_of_offence,Date_of_FIR,Police_station,Day,Time_of_offence,First_vehicle,Fatalities,Serious,Minor,Second_vehicle,Fatalities_1,Serious_1,Minor_1,Type_of_collision,Hit_and_run,Intersection_mid_block,Maneuver_type,Place_of_occurence,Total_Fatalities,Total_serious,Total_minor,Latitude,Longitude,Road_name,Road_number,Rural_urban,geo,avg_registration_time
0,0,1,3,"283,304-A,427,337 ",01/02/2017,2017-01-02,Kiratpur Sahib,1900-01-02,12:45:00,Bus/Truck,0,0,0,Car/Jeep/Van,2,2,0,Hit from Back,0,Intersection,Rough Driving,Bharatgarh,2,2,0,31.098746999999996,76.613475,NH,NH-205,Rural,"31.098747,76.613475",0
1,1,2,4,"279,304-A",01/06/2017,2017-01-07,Kiratpur Sahib,1900-01-06,00:00:00,Unknown,0,0,0,Pedestrian,1,0,0,Hit and Run,1,Mid Block,Over Speeding,Dolowal,1,0,0,31.184410200000002,76.572122,NH,NH-205,Rural,"31.1844102,76.572122",1
2,2,3,8,"279,304-A,427",01/20/2017,2017-01-21,Kiratpur Sahib,1900-01-06,20:30:00,Car/Jeep/Van,0,0,0,Two Wheeler,2,0,0,Hit and Run,1,Intersection,Over Speeding,Sarsa Nangal,2,0,0,31.061885999999998,76.59979399999999,NH,NH-205,Rural,"31.061886,76.599794",1
3,3,4,11,"279,304-A",01/20/2017,2017-01-22,Kiratpur Sahib,1900-01-06,11:00:00,Two Wheeler,0,0,0,Pedestrian,1,0,0,Head On,0,Mid Block,Over Speeding,Hardonimoh,1,0,0,31.160744,76.590448,Link Road,Link Road,Rural,"31.160744,76.590448",2
4,4,5,18,"279,304-A,427",02/01/2017,2017-02-03,Kiratpur Sahib,1900-01-04,19:40:00,Bus/Truck,0,0,0,Two Wheeler,1,0,0,Hit from Back,0,Mid Block,Over Speeding,Dolowal,1,0,0,31.184410200000002,76.572122,NH,NH-205,Urban,"31.1844102,76.572122",2
5,5,6,25,"279,304-A,427",02/23/2017,2017-02-23,Kiratpur Sahib,1900-01-05,15:00:00,Bus/Truck,0,0,0,Car/Jeep/Van,1,0,0,Head On,0,Intersection,Over Speeding,Sarsa Nangal,1,0,0,31.061885999999998,76.59979399999999,NH,NH-205,Rural,"31.061886,76.599794",0
6,6,7,27,"279,304-A,427",03/05/2017,2017-03-06,Kiratpur Sahib,1900-01-01,20:30:00,Bus/Truck,0,0,0,Car/Jeep/Van,1,0,0,Hit and Run,1,Mid Block,Over Speeding,Tirak Karma,1,0,0,31.147478999999997,76.570173,Link Road,Link Road,Rural,"31.147479,76.570173",1
7,7,8,29,"279,304-A,427",03/02/2017,2017-03-08,Kiratpur Sahib,1900-01-05,04:45:00,Two Wheeler,0,0,0,Two Wheeler,1,0,0,Head On,0,Mid Block,Over Speeding,Kalyanpur,1,0,0,31.170282699999998,76.57139959999999,NH,NH-205,Rural,"31.1702827,76.5713996",6
8,8,9,30,"279,304-A",03/12/2017,2017-03-13,Kiratpur Sahib,1900-01-01,19:00:00,Two Wheeler,0,0,0,Pedestrian,1,0,0,Head On,0,Mid Block,Over Speeding,Massewal,1,0,0,31.206899300000003,76.6081615,NH,NH-205,Rural,"31.2068993,76.6081615",1
9,9,10,34,"279,337,304-A,427",03/27/2017,2017-03-28,Kiratpur Sahib,1900-01-02,18:30:00,Bus/Truck,0,0,0,Two Wheeler,1,1,0,Head On,0,Mid Block,Over Speeding,Dehni,1,1,0,31.2057203,76.60279024,NH,NH-205,Rural,"31.2057203,76.60279024",1
10,10,11,43,"283,304-A,427",04/21/2017,2017-04-21,Kiratpur Sahib,1900-01-06,20:15:00,Two Wheeler,1,0,0,Two Wheeler,1,1,0,Head On,0,Intersection,Over Speeding,Bharatgarh,2,1,0,31.098746999999996,76.613475,NH,NH-205,Rural,"31.098747,76.613475",0
11,11,12,45,"279 ,337,427",04/25/2017,2017-04-28,Kiratpur Sahib,1900-01-03,17:45:00,Car/Jeep/Van,0,0,0,Two Wheeler,0,1,0,Head On,1,Intersection,Over Speeding,sarai hotal Bharatgarh,0,1,0,31.098746999999996,76.613475,NH,NH-205,Rural,"31.098747,76.613475",3
12,12,13,52,"279, 337",04/01/2017,2017-05-21,Kiratpur Sahib,1900-01-07,16:00:00,Car/Jeep/Van,0,1,0,Pedestrian,0,1,0,Hit from Side,0,Mid Block,Over Speeding,bara pind,0,2,0,31.1048637,76.60413129999999,NH,NH-205,Rural,"31.1048637,76.6041313",50
13,13,14,56,"279, 337, 338",05/24/2017,2017-05-26,Kiratpur Sahib,1900-01-04,06:30:00,Bus/Truck,0,0,0,Pedestrian,0,1,0,Head On,0,Intersection,Over Speeding,Kiratpur sahib ,0,1,0,31.187005699999997,76.56489559999999,SH,SH-22,Urban,"31.1870057,76.5648956",2
14,14,15,57,"279 ,337,427",05/26/2017,2017-05-28,Kiratpur Sahib,1900-01-06,00:00:00,Bus/Truck,0,0,0,Two Wheeler,0,1,0,Hit from Back,1,Mid Block,Over Speeding,sarai hotal Bharatgarh,0,1,0,31.0865387,76.6059989,NH,NH-205,Rural,"31.0865387,76.6059989",2
15,15,16,75,"279 ,337,427",07/28/2017,2017-07-28,Kiratpur Sahib,1900-01-06,00:00:00,Bus/Truck,0,0,0,Car/Jeep/Van,0,0,0,Hit from Back,1,Mid Block,Over Speeding,Dubeta morh Bhartgarh ,0,0,0,31.0883283,76.6069211,NH,NH-205,Rural,"31.0883283,76.6069211",0
16,16,17,77,"279 ,337,338",08/04/2017,2017-08-07,Kiratpur Sahib,1900-01-06,09:00:00,Two Wheeler,0,0,0,Pedestrian,0,1,0,Hit and Run,1,Intersection,Over Speeding,bus stand kiratpur sahib ,0,1,0,31.187005699999997,76.56489559999999,SH,SH-22,Urban,"31.1870057,76.5648956",3
17,17,18,78,"279 ,304-A ,427 ",08/12/2017,2017-08-12,Kiratpur Sahib,1900-01-07,19:30:00,Bus/Truck,0,0,0,Two Wheeler,1,0,0,Hit and Run,1,Intersection,Over Speeding,bus stand kiratpur sahib ,1,0,0,31.187005699999997,76.56489559999999,SH,SH-22,Urban,"31.1870057,76.5648956",0
18,18,19,79,"279 ,337,427",08/06/2017,2017-08-15,Kiratpur Sahib,1900-01-01,05:40:00,Car/Jeep/Van,0,0,0,Two Wheeler,0,1,0,Hit and Run,1,Intersection,Over Speeding,Sarsa Nangal,0,1,0,31.0618855,76.59979399999999,NH,NH-205,Rural,"31.0618855,76.599794",9
19,19,20,81,"279 ,304-A ,337 ,427",08/20/2017,2017-08-21,Kiratpur Sahib,1900-01-01,16:30:00,Bus/Truck,0,0,0,Two Wheeler,1,0,1,Hit and Run,1,Mid Block,Over Speeding,bara pind,1,0,1,31.1048637,76.60413129999999,NH,NH-205,Rural,"31.1048637,76.6041313",1
20,20,21,82,"279 ,304-A  ,427",08/22/2017,2017-08-26,Kiratpur Sahib,1900-01-03,09:30:00,Bus/Truck,0,0,0,Two Wheeler,1,0,0,Hit and Run,1,Mid Block,Over Speeding,dehni,1,0,0,31.2057203,76.60279024,NH,NH-205,Rural,"31.2057203,76.60279024",4
21,21,22,87,"279 ,304-A ,337,427",08/30/2017,2017-08-30,Kiratpur Sahib,1900-01-04,12:00:00,Bus/Truck,0,0,0,Two Wheeler,1,1,0,Hit and Run,1,Mid Block,Over Speeding,Bharatgarh,1,1,0,31.103574300000002,76.6039256,NH,NH-205,Rural,"31.1035743,76.6039256",0
22,22,23,88,"279,304-A,",08/31/2017,2017-09-01,Kiratpur Sahib,1900-01-05,19:45:00,Bus/Truck,0,0,0,Pedestrian,1,0,0,Hit and Run,1,Mid Block,Over Speeding,Bharatgarh,1,0,0,31.103574300000002,76.6039256,NH,NH-205,Rural,"31.1035743,76.6039256",1
23,23,24,90,"283,304-A,427",09/08/2017,2017-09-09,Kiratpur Sahib,1900-01-06,23:40:00,Bus/Truck,0,0,0,Car/Jeep/Van,1,0,0,Head On,0,Mid Block,Over Speeding,Dhaddi,1,0,0,31.1517994,76.57945600000001,NH,NH-205,Rural,"31.1517994,76.579456",1
24,24,25,117,"279,304-A,337,427",12/03/2017,2017-12-05,Kiratpur Sahib,1900-01-01,12:00:00,Car/Jeep/Van,0,0,0,Two Wheeler,1,0,1,Hit from Back,1,Mid Block,Over Speeding,Gardla,1,0,1,31.121480199999997,76.5773255,Link Road,Link Road,Rural,"31.1214802,76.5773255",2
25,25,26,119,"279, 304-A",12/06/2017,2017-12-06,Kiratpur Sahib,1900-01-04,10:00:00,Bus/Truck,0,0,0,Pedestrian,1,0,1,Hit and Run,1,Mid Block,Over Speeding,Dubeta morh Bhartgarh ,1,0,1,31.0883283,76.6069211,NH,NH-205,Rural,"31.0883283,76.6069211",0
26,26,27,12,279337338,01/27/2017,2017-01-27,Chamkaur Sahib,1900-01-06,18:15:00,Two Wheeler,0,0,0,Pedestrian,0,1,0,Hit Pedestrian,0,Intersection,Over Speeding,Near T Point Vill Chonta ,0,1,0,30.942350800000003,76.4895865,ODR,ODR-11,Rural,"30.9423508,76.4895865",0
27,27,28,24,"279,304-A,427",02/03/2017,2017-02-03,Chamkaur Sahib,1900-01-06,21:15:00,Bus/Truck,0,0,0,Two Wheeler,2,0,0,Head on,0,Intersection,Over Speeding,Near Canel Vill Bhakumajra,2,0,0,30.929455400000002,76.472594,ODR,ODR-11,Rural,"30.9294554,76.472594",0
28,28,29,27,"279,304-A,337",03/11/2017,2017-03-12,Chamkaur Sahib,1900-01-07,18:30:00,Unknown,0,0,0,Two Wheeler,2,0,0,Unknown,1,Intersection,Over Speeding,sirhind canal near vill Bhakumajra ,2,0,0,30.901885800000002,76.43768929999999,ODR,ODR-18,Rural,"30.9018858,76.4376893",1
29,29,30,30,"279, 337, 338, 427",03/12/2017,2017-03-14,Chamkaur Sahib,1900-01-01,13:30:00,Bus/Truck,0,0,0,Two Wheeler,0,1,1,Head on,1,Mid Block,Over Speeding,Near Vill Pipal majra ,0,1,1,30.8639651,76.4300016,Link Road,Link Road,Rural,"30.8639651,76.4300016",2
30,30,31,34,"279,337,304-A,427",03/26/2017,2017-03-26,Chamkaur Sahib,1900-01-01,17:00:00,Bus/Truck,0,0,0,Two Wheeler,1,0,1,Head on,0,Intersection,Over Speeding,Near T Point Vill Chonta ,1,0,1,30.932131899999995,76.4410757,ODR,ODR-11,Rural,"30.9321319,76.4410757",0
31,31,32,40,"279, 304-A ,427",04/08/2017,2017-04-09,Chamkaur Sahib,1900-01-07,22:30:00,Car/Jeep/Van,0,0,0,Two Wheeler,2,0,0,Unknown,0,Intersection,Over Speeding,Shirhind calal near kiriafgana ,2,0,0,30.9023889,76.3613235,Link Road,Link Road,Rural,"30.9023889,76.3613235",1
32,32,33,42,"279,304-A,427",04/13/2017,2017-04-14,Chamkaur Sahib,1900-01-05,20:00:00,Bus/Truck,0,0,0,Two Wheeler,1,0,0,Head on,0,Mid Block,Over Speeding,Vil Rurki heraon,1,0,0,30.845617800000003,76.4314558,ODR,ODR-2,Rural,"30.8456178,76.4314558",1
33,33,34,43,"279,304a,427",04/20/2017,2017-04-21,Chamkaur Sahib,1900-01-05,20:00:00,Tractor-Trolley,0,0,0,Two Wheeler,1,0,0,Head on,0,Mid Block,Over Speeding,"Railon road,Ropar",1,0,0,30.9324228,76.3512468,Link Road,Link Road,Rural,"30.9324228,76.3512468",1
34,34,35,74,"279,337,304a,427",07/07/2017,2017-07-08,Chamkaur Sahib,1900-01-06,21:45:00,Bus/Truck,0,0,0,Two Wheeler,2,0,0,Hit from back,1,Mid Block,Over Speeding,Sirhind canal near chamkaur sahib rest house ,2,0,0,30.897802399999996,76.3963902,Link Road,Link Road,Rural,"30.8978024,76.3963902",1
35,35,36,78,279337388,07/15/2017,2017-07-23,Chamkaur Sahib,1900-01-07,14:30:00,Two Wheeler,0,0,0,Pedestrian,0,1,0,Hit from back,0,Intersection,Over Speeding,vill tapprianamar singh ,0,1,0,30.9347683,76.32928249999999,Link Road,Link Road,Rural,"30.9347683,76.3292825",8
36,36,37,113,"279,427,304-A",10/28/2017,2017-10-29,Chamkaur Sahib,1900-01-07,19:25:00,Car/Jeep/Van,0,0,0,Two Wheeler,1,1,0,Head on,0,Mid Block,Over Speeding,near vill gagon,1,1,0,30.8899325,76.45106659999999,Link Road,Link Road,Rural,"30.8899325,76.4510666",1
37,37,38,115,279388,10/24/2017,2017-11-01,Chamkaur Sahib,1900-01-03,21:00:00,Two Wheeler,0,0,0,Two Wheeler,0,1,0,Head on,0,Intersection,Over Speeding,near Vill mane majra ,0,1,0,30.8915604,76.4145124,ODR,ODR-2,Urban,"30.8915604,76.4145124",8
38,38,39,4,279337338,12/01/2017,2018-01-07,Chamkaur Sahib,1900-01-06,19:30:00,Bus/Truck,0,0,0,Two Wheeler,0,0,0,Head on,0,Intersection,Over Speeding,near vill Mahla ,0,0,0,30.932716999999997,76.472598,ODR,ODR-11,Rural,"30.932717,76.472598",37
39,39,40,8,"279, 337, 338, 427",10/28/2017,2018-01-11,Chamkaur Sahib,1900-01-07,15:20:00,Car/Jeep/Van,0,0,0,Two Wheeler,0,1,1,Head on,0,Intersection,Over Speeding,sirhind canal vill Dholran,0,1,1,30.903119899999997,76.4760063,Link Road,Link Road,Rural,"30.9031199,76.4760063",75
40,40,41,9,"279, 337, 338, 427",01/07/2017,2017-01-10,City Ropar,1900-01-07,12:00:00,Car/Jeep/Van,0,0,0,Two Wheeler,0,0,1,Head on,0,Mid Block,Over Speeding,"Near PWD Colony,Ropar ",0,0,1,30.969279999999998,76.522234,ODR,ODR-11,Urban,"30.96928,76.522234",3
41,41,42,19,"279, 338",01/25/2017,2017-01-28,City Ropar,1900-01-04,21:00:00,Car/Jeep/Van,0,0,0,Pedestrian,0,0,1,Head on,0,Intersection,Over Speeding,"Civil Hospital ,Road Ropar ",0,0,1,30.965586,76.524186,ODR,ODR-11,Urban,"30.965586,76.524186",3
42,42,43,24,"279, 304-A ,427",02/11/2017,2017-02-11,City Ropar,1900-01-07,15:30:00,Unknown,0,0,0,Cyclist,1,0,1,Hit Cyclist,1,Intersection,Over Speeding,"Taprian T Point ,Ropar ",1,0,1,30.953585999999998,76.529409,ODR,ODR-22,Urban,"30.953586,76.529409",0
43,43,44,40,"279, 337, 427",03/11/2017,2017-03-14,City Ropar,1900-01-07,20:10:00,Tractor-Trolley,0,0,0,Car/Jeep/Van,0,0,1,Head on,0,Intersection,Over Speeding,"Bachat Chowk, Ropar",0,0,1,30.977909000000004,76.520266,ODR,ODR-11,Urban,"30.977909,76.520266",3
44,44,45,57,"279, 304-A ",03/28/2017,2017-04-02,City Ropar,1900-01-03,16:30:00,Car/Jeep/Van,0,0,0,Pedestrian,1,0,0,Hit Pedestrian,0,Intersection,Over Speeding,"Railon road,Ropar",1,0,0,30.947276000000002,76.518252,ODR,ODR-20,Urban,"30.947276, ,76.518252",5
45,45,46,61,"279, 304-A ,427",04/11/2017,2017-04-12,City Ropar,1900-01-03,23:15:00,Tractor-Trolley,0,0,0,Two Wheeler,1,0,0,Head on,0,Intersection,Over Speeding,"Near Miltray canteen,Ropar",1,0,0,30.963472999999997,76.532531,NH,NH-103A,Urban,"30.963473, ,76.532531",1
46,46,47,64,"279, 337, 427",04/12/2017,2017-04-13,City Ropar,1900-01-04,16:40:00,Car/Jeep/Van,0,0,0,Two Wheeler,0,1,0,Head on,1,Mid Block,Over Speeding,"Gilco velley,Ropar",0,1,0,30.964476,76.57452559999999,Link Road,Link Road,Rural,"30.964476,76.5745256",1
47,47,48,72,"279, 338, 427",04/11/2017,2017-04-28,City Ropar,1900-01-03,19:30:00,Car/Jeep/Van,0,0,0,Two Wheeler,0,1,0,Hit from back,0,Intersection,Over Speeding,Near HMT Hotel Bela Road Ropar,0,1,0,30.957915000000003,76.515149,ODR,ODR-11,Urban,"30.957915,76.515149",17
48,48,49,73,"279, 304-A ,427",04/23/2017,2017-04-29,City Ropar,1900-01-01,15:45:00,Car/Jeep/Van,0,0,0,Two Wheeler,1,0,0,Head on,0,Intersection,Over Speeding,"Near Police line ,Ropar",1,0,0,30.940548,76.535527,NH,NH-205,Urban,"30.940548,76.535527",6
49,49,50,80,"279, 337, 338, 427",05/13/2017,2017-05-13,City Ropar,1900-01-07,02:00:00,Car/Jeep/Van,0,0,0,Two Wheeler,0,0,1,Head on,0,Intersection,Over Speeding,"Near Distict Jail ,Ropar",0,0,1,30.953127000000002,76.507989,ODR,ODR-11,Urban,"30.953127,76.507989",0
50,50,51,81,"279, 304-A ,427",05/13/2017,2017-05-13,City Ropar,1900-01-07,19:40:00,Bus/Truck,0,0,0,Two Wheeler,1,0,1,Head on,0,Intersection,Over Speeding,"Near Gurdwara sadawart,Ropar ",1,0,1,30.97697,76.535184,NH,NH-205,Urban,"30.97697,76.535184",0
51,51,52,82,"279, 337, 427 ",05/09/2017,2017-05-15,City Ropar,1900-01-03,14:00:00,Two Wheeler,0,0,0,Two Wheeler,0,0,1,Head on,0,Intersection,Over Speeding,"Near sai doctor ,College Road ropar",0,0,1,30.97212,76.519938,Muncipality Road,Muncipality Road,Urban,"30.972120,,76.519938",6
52,52,53,84,"279, 304-A ",05/22/2017,2017-05-22,City Ropar,1900-01-02,11:20:00,Bus/Truck,0,0,0,Pedestrian,1,0,0,Hit Pedestrian,0,Intersection,Over Speeding,Vill railon Kalan Ropar,1,0,0,30.947276000000002,76.518252,ODR,ODR-20,Urban,"30.947276, ,76.518252",0
53,53,54,86,"279, 338, 427",04/18/2017,2017-05-24,City Ropar,1900-01-03,19:00:00,Car/Jeep/Van,0,0,0,Two Wheeler,0,0,1,Sideswipe ,0,Intersection,Over Speeding,Near Govt. college Ropar,0,0,1,30.973622,76.52116099999999,ODR,ODR-11,Urban,"30.973622,,76.521161",36
54,54,55,88,"279, 427",05/31/2017,2017-06-01,City Ropar,1900-01-04,23:00:00,Bus/Truck,0,0,0,Other,0,0,0,Hit Fixed Object,0,Intersection,Over Speeding,"Nangal Chownk Pump,ropar",0,0,0,30.962365999999996,76.533056,NH,NH-103A,Urban,"30.962366,,76.533056",1
55,55,56,89,"279,304-A,427",06/02/2017,2017-06-02,City Ropar,1900-01-06,19:00:00,Bus/Truck,0,0,0,Two Wheeler,1,0,0,Head on,0,Intersection,Over Speeding,"Near New Bridge ,Ropar",1,0,0,30.971887,76.531537,Muncipality Road,Muncipality Road,Urban,"30.971887,76.531537",0
56,56,57,95,"279, 304-A ",06/05/2017,2017-06-12,City Ropar,1900-01-02,08:30:00,Bus/Truck,0,0,0,Pedestrian,1,0,0,Hit Pedestrian,0,Intersection,Over Speeding,"New Bus/Truck stand,Ropar",1,0,0,30.982346999999997,76.522878,NH,NH-103A,Urban,"30.982347, ,76.522878",7
57,57,58,96,"279, 337, 338, 427",06/10/2017,2017-06-12,City Ropar,1900-01-07,14:40:00,Car/Jeep/Van,0,0,0,Two Wheeler,0,0,1,Head on,0,Intersection,Over Speeding,"Near new byepass ,Ropar",0,0,1,30.947276000000002,76.518252,ODR,ODR-20,Urban,"30.947276, ,76.518252",2
58,58,59,107,"279, 304-A, 427",06/27/2017,2017-06-27,City Ropar,1900-01-03,19:00:00,Unknown,0,0,0,Car/Jeep/Van,2,0,0,Sideswipe ,1,Mid Block,Over Speeding,"Morinda chownk,Byepass Ropar",2,0,0,30.964384999999996,76.53471400000001,Link Road,Link Road,Rural,"30.964385,, 76.534714",0
59,59,60,110,"279, 337, 427",06/13/2017,2017-06-30,City Ropar,1900-01-03,22:00:00,Car/Jeep/Van,0,0,0,Other,0,1,0,Sideswipe ,0,Intersection,Over Speeding,"Near Forest Dept  Office, Ropar ",0,1,0,30.978541999999997,76.52678399999999,Muncipality Road,Muncipality Road,Urban,"30.978542,76.526784",17
60,60,61,115,"279, 304-A",06/29/2017,2017-07-10,City Ropar,1900-01-05,20:00:00,Bus/Truck,0,0,0,Two Wheeler,1,0,0,Sideswipe ,0,Intersection,Over Speeding,"Nera Miltary canteen ,Ropar ",1,0,0,30.963472999999997,76.532531,NH,NH-103A,Urban,"30.963473,76.532531",11
61,61,62,121,"279, 304-A, 427",07/15/2017,2017-07-15,City Ropar,1900-01-07,11:00:00,Unknown,0,0,0,Two Wheeler,1,0,0,Head on,1,Intersection,Over Speeding,"Near IIT river bridge, Ropar",1,0,0,30.974788,76.49895500000001,ODR,ODR-20,Urban,"30.974788,76.498955",0
62,62,63,148,"279, 304-A",08/24/2017,2017-09-06,City Ropar,1900-01-05,07:00:00,Two Wheeler,0,0,0,Pedestrian,1,0,0,Hit Pedestrian,1,Intersection,Over Speeding,Near railway station Ropar,1,0,0,30.971961999999998,76.532885,NH,NH-103A,Urban,"30.971962,76.532885",13
63,63,64,169,"279, 304-A, 337",10/07/2017,2017-10-08,City Ropar,1900-01-07,20:00:00,Unknown,0,0,0,Pedestrian,1,0,0,Hit Pedestrian,1,Intersection,Over Speeding,Near T-Point DC office Ropar,1,0,0,30.982118,76.519865,ODR,ODR-11,Urban,"30.982118,76.519865",1
64,64,65,173,"279, 304-A, 427",10/11/2017,2017-10-12,City Ropar,1900-01-04,20:30:00,Two Wheeler,0,0,0,Two Wheeler,1,0,0,Sideswipe ,0,Mid Block,Over Speeding,Ropar Chamkaur Sahib link road Near bhai Himat singh Guruduara Ropar,1,0,0,30.954204999999998,76.52941,ODR,ODR-22,Urban,"30.954205, ,76.52941",1
65,65,66,174,"279, 304-A, 427, 337",10/14/2017,2017-10-14,City Ropar,1900-01-07,08:15:00,Bus/Truck,0,0,0,Two Wheeler,1,0,0,Sideswipe ,1,Intersection,Approaching from wrong side,Near By pass ropar,1,0,0,30.947276000000002,76.518252,ODR,ODR-20,Urban,"30.947276, ,76.518252",0
66,66,67,178,"279, 304-A, 427",10/18/2017,2017-10-19,City Ropar,1900-01-04,20:30:00,Unknown,0,0,0,Two Wheeler,1,0,0,Hit from back,1,Intersection,Over Speeding,Vill Nanakpura turn Rupnagar,1,0,0,30.97696,76.535184,NH,NH-205,Urban,"30.97696,76.535184",1
67,67,68,180,"279, 304-A, 427",10/19/2017,2017-10-20,City Ropar,1900-01-05,13:30:00,Car/Jeep/Van,0,0,0,Two Wheeler,1,0,0,Hit from back,0,Intersection,Over Speeding,Near PS Sadar Ropar,1,0,0,30.97695,76.535187,NH,NH-205,Urban,"30.97695,76.535187",1
68,68,69,183,"279, 304-A, 427",10/24/2017,2017-10-24,City Ropar,1900-01-03,08:30:00,Bus/Truck,0,0,0,Pedestrian,1,0,0,Hit from back,0,Intersection,Over Speeding,New Shampura colony Rupnagar,1,0,0,30.964594,76.506385,ODR,ODR-20,Urban,"30.964594,76.506385",0
69,69,70,189,"279, 337, 338, 427",10/31/2017,2017-11-02,City Ropar,1900-01-03,18:15:00,Tractor-Trolley,0,0,0,Two Wheeler,0,1,0,Hit from back,1,Mid Block,Over Speeding,Near drug addiction centre katli road Rupnagar,0,1,0,30.944632399999996,76.5245254,ODR,ODR-08,Urban,"30.9446324,76.5245254",2
70,70,71,196,"279, 304-A",11/19/2017,2017-11-19,City Ropar,1900-01-01,11:15:00,Bus/Truck,0,0,0,Pedestrian,1,0,0,Hit from back,1,Intersection,Over Speeding,Old bus stand rupnagar,1,0,0,30.966462,76.533348,NH,NH-103A,Urban,"30.966462, ,76.533348",0
71,71,72,203,"279, 304-A ",11/24/2017,2017-12-01,City Ropar,1900-01-06,09:30:00,Car/Jeep/Van,0,0,0,Pedestrian,1,1,0,Hit from back,1,Intersection,Over Speeding,Near PS Sadar Ropar,1,1,0,30.97695,76.535187,NH,NH-205,Urban,"30.97695,76.535187",7
72,72,73,212,"279, 337, 427 ",12/09/2017,2017-12-10,City Ropar,1900-01-07,14:30:00,Bus/Truck,0,0,0,Car/Jeep/Van,0,1,0,Hit from back,0,Mid Block,Over Speeding,Near 132KV Sub Station rupngar,0,1,0,30.943738,76.53426400000001,NH,NH-205,Urban,"30.943738,76.534264",1
73,73,74,214,"279, 337, 427",12/14/2017,2017-12-15,City Ropar,1900-01-05,18:30:00,Car/Jeep/Van,0,0,0,Two Wheeler,0,1,0,Sideswipe ,1,Intersection,Over Speeding,Sant Karan Singh Academy Chowk,0,1,0,30.964468,76.50595200000001,ODR,ODR-20,Urban,"30.964468,76.505952",1
74,74,75,1,"279, 304-A, 337, 427",12/31/2017,2018-01-01,City Ropar,1900-01-01,17:00:00,Car/Jeep/Van,0,0,0,Two Wheeler,1,0,0,Hit from back,1,Intersection,Over Speeding,Bhatha sahib chowk rupnagar,1,0,0,30.9681843,76.5235027,ODR,ODR-11,Urban,"30.9681843,76.5235027",1
75,75,76,2,"279, 337, 427, 338 & 177 MV ACT",12/30/2017,2018-01-01,City Ropar,1900-01-07,00:00:00,Two Wheeler,0,0,0,Two Wheeler,0,1,0,Sideswipe ,0,Intersection,Over Speeding,"Near Distict Jail ,Ropar",0,1,0,30.968154,76.5235146,ODR,ODR-11,Urban,"30.968154,76.5235146",2
76,76,77,7,"279,337,338,427,304-A ",01/13/2017,2017-01-15,Morinda,1900-01-06,23:30:00,Car/Jeep/Van,0,0,0,Car/Jeep/Van,1,0,0,Head on,0,Intersection,Approaching from wrong side,T-Ponit Saheri,1,0,0,30.814758,76.502578,ODR,ODR-08,Rural,"30.814758,76.502578",2
77,77,78,9,"279,337,304-A,427 ",01/15/2017,2017-01-18,Morinda,1900-01-01,15:30:00,Car/Jeep/Van,0,0,0,Two wheeler,1,0,0,Hit Pedestrian,0,Intersection,Over Speeding,Near Namdhari Workshop Marouli Kalan,1,0,0,30.786769,76.519188,SH,SH-08,Rural,"30.786769,76.519188",3
78,78,79,30,"279,337,338,427,304-A ",02/20/2017,2017-02-21,Morinda,1900-01-02,20:30:00,Car/Jeep/Van,0,0,0,Two wheeler,1,0,0,Head on,0,Intersection,Over Speeding,Near Village Marouli Kalan,1,0,0,30.785866,76.52124599999999,SH,SH-08,Rural,"30.785866,76.521246",1
79,79,80,32,"279, 337, 338, 427",02/22/2017,2017-02-23,Morinda,1900-01-04,18:30:00,Car/Jeep/Van,0,0,0,Two wheeler,0,1,0,Head on,0,Intersection,Over Speeding,Chunni Chownk Morinda,0,1,0,30.775664000000003,76.503127,NH,NH-95,Rural,"30.775664,76.503127",1
80,80,81,35,"279,337,304-A,427 ",02/26/2017,2017-02-26,Morinda,1900-01-01,14:25:00,Bus/Truck,0,0,0,Two wheeler,1,0,0,Head on,1,Intersection,Approaching from wrong side,Sirhind Lights Morinda,1,0,0,30.784421000000002,76.481131,NH,NH-95,Rural,"30.784421,76.481131",0
81,81,82,38,"279, 337, 338, 427",04/03/2017,2017-06-03,Morinda,1900-01-02,15:00:00,Tractor-Trolley,0,0,0,Two wheeler,0,1,0,Head on,1,Intersection,Approaching from wrong side,Near Village Ballan Kalan Road to Udhampur Nalan,0,1,0,30.803365999999997,76.446711,Link Road,Link Road,Rural,"30.803366,76.446711",61
82,82,83,39,"279,304-A ",09/03/2017,2017-09-03,Morinda,1900-01-01,18:50:00,Car/Jeep/Van,0,0,0,Pedestrian,1,0,0,Hit Pedestrian,0,Intersection,Over Speeding,Dhiman Palace,1,0,0,30.790658,76.508403,SH,SH-08,Urban,"30.790658,76.508403",0
83,83,84,44,"279,337,338,427,304-A ",03/22/2017,2017-03-22,Morinda,1900-01-04,18:50:00,Car/Jeep/Van,0,0,0,Two wheeler,1,0,0,Head on,0,Intersection,Approaching from wrong side,SUGAR MILL ROAD MORINDA,1,0,0,30.795496999999997,76.49874,ODR,ODR-08,Urban,"30.795497,76.49874",0
84,84,85,45,"279,337,304-A",03/18/2017,2017-03-24,Morinda,1900-01-07,21:00:00,Car/Jeep/Van,0,0,0,Two wheeler,1,0,0,Head on,1,Intersection,Approaching from wrong side,MORINDA BY-PASS MORINDA,1,0,0,30.776166999999997,76.501743,NH,NH-95,Rural,"30.776167,76.501743",6
85,85,86,60,"279, 338, 427",04/28/2017,2017-05-01,Morinda,1900-01-06,21:00:00,Two Wheeler,0,0,0,Two wheeler,0,1,0,Head on,1,Mid Block,Approaching from wrong side,Service Station Village Kanjla,0,1,0,30.797271999999996,76.480711,Link Road,Link Road,Rural,"30.797272,76.480711",3
86,86,87,74,"279,427,304-A ",05/13/2017,2017-05-24,Morinda,1900-01-07,20:30:00,Two Wheeler,0,0,0,Two wheeler,1,0,0,Head on,0,Mid Block,Approaching from wrong side,Sohi Petrol Pump Chatamla,1,0,0,30.814163,76.549625,MDR,MDR-31,Rural,"30.814163,76.549625",11
87,87,88,81,"279,304-A,427 ",06/04/2017,2017-06-05,Morinda,1900-01-01,21:55:00,Car/Jeep/Van,0,0,0,Two wheeler,1,0,0,Head on,0,Mid Block,Approaching from wrong side,Global Enclave Marauli Kalan,1,0,0,30.788726,76.579024,Link Road,Link Road,Rural,"30.788726,76.579024",1
88,88,89,83,"279,304-A,427,338 ",06/10/2017,2017-06-10,Morinda,1900-01-07,15:30:00,Bus/Truck,0,0,0,Car/Jeep/Van,1,0,0,Head on,0,Intersection,Approaching from wrong side,Near Vill. Chatamla,1,0,0,30.805562,76.543251,Link Road,Link Road,Rural,"30.805562,76.543251",0
89,89,90,108,"279,304-A ",08/01/2017,2017-08-02,Morinda,1900-01-03,19:30:00,Unknown,0,0,0,Two wheeler,1,0,0,Head on,0,Mid Block,Approaching from wrong side,Near Palm Enclave Morinda,1,0,0,30.777564,76.50233100000001,NH,NH-95,Rural,"30.777564,76.502331",1
90,90,91,138,"279, 337, 427, 338",09/14/2017,2017-09-15,Morinda,1900-01-05,19:30:00,Bus/Truck,0,0,0,Two wheeler,0,1,0,Head on,1,Intersection,Approaching from wrong side,Between Rattangarh And Bhateri Vilage,0,1,0,30.78402,76.498436,Muncipality Road,Muncipality Road,Urban,"30.78402,76.498436",1
91,91,92,144,"279, 337",09/14/2017,2017-10-02,Morinda,1900-01-05,21:00:00,Bus/Truck,0,0,0,Two wheeler,0,0,1,Head on,1,Intersection,Approaching from wrong side,Near grain Market Morinda,0,0,1,30.790360999999997,76.49045699999999,SH,SH-08,Urban,"30.790361,76.490457",18
92,92,93,151,"279,304-A ",10/14/2017,2017-10-15,Morinda,1900-01-07,22:20:00,Car/Jeep/Van,0,0,0,Two wheeler,1,0,0,Head on,0,Intersection,Approaching from wrong side,T-Point Kurali Road Morinda,1,0,0,30.790658,76.508403,SH,SH-08,Urban,"30.790658,76.508403",1
93,93,94,156,"279, 338, 427",05/25/2017,2017-10-25,Morinda,1900-01-05,14:30:00,Car/Jeep/Van,0,0,0,Two wheeler,0,1,0,Head on,0,Intersection,Approaching from wrong side,Near Village Kalaran,0,1,0,30.785866,76.52124599999999,SH,SH-08,Rural,"30.785866,76.521246",153
94,94,95,162,"279, 337",10/23/2017,2017-11-04,Morinda,1900-01-02,17:30:00,Bus/Truck,0,0,0,Two wheeler,0,0,1,Head on,0,Intersection,Approaching from wrong side,Near Village Marouli Kalan,0,0,1,30.785866,76.52124599999999,SH,SH-08,Rural,"30.785866,76.521246",12
95,95,96,167,"279,304-A ",11/09/2017,2017-11-10,Morinda,1900-01-05,17:30:00,Car/Jeep/Van,0,0,0,Pedestrian,1,0,0,Hit Pedestrian,0,Intersection,Over Speeding,T Point Chamkaur Sahib Morinda,1,0,0,30.790318,76.490531,SH,SH-08,Urban,"30.790318,76.490531",1
96,96,97,168,"279,337,304-A ",11/10/2017,2017-11-10,Morinda,1900-01-06,15:30:00,Bus/Truck,0,0,0,Two wheeler,1,0,0,Head on,0,Intersection,Over Speeding,HDFC Bank Morinda,1,0,0,30.795423,76.498554,ODR,ODR-08,Urban,"30.795423,76.498554",0
97,97,98,186,"279,304-A,427 ",11/30/2017,2017-11-30,Morinda,1900-01-05,15:30:00,Bus/Truck,0,0,1,Two wheeler,1,0,0,Sideswipe ,0,Mid Block,Over Speeding,Panjkoha Palace Morinda,1,0,1,30.789276,76.470579,NH,NH-95,Rural,"30.789276,76.470579",0
98,98,99,188,"279,304-A ",12/01/2017,2017-12-02,Morinda,1900-01-06,00:00:00,Bus/Truck,0,0,0,Two wheeler,1,0,0,Head on,0,Intersection,Approaching from wrong side,T Point Chamkaur Sahib Morinda,1,0,0,30.790318,76.490531,SH,SH-08,Urban,"30.790318,76.490531",1
99,99,100,192,"279,337,427,304-A ",12/08/2017,2017-12-09,Morinda,1900-01-06,19:30:00,Car/Jeep/Van,0,0,0,Two wheeler,1,0,0,Sideswipe ,0,Intersection,Over Speeding,Over Bridge Bypass Morinda,1,0,0,30.779258000000002,76.49348499999999,NH,NH-95,Rural,"30.779258,76.493485",1
100,100,101,194,"279,304-A,427 ",12/10/2017,2017-12-11,Morinda,1900-01-01,00:00:00,Car/Jeep/Van,0,0,0,Two wheeler,1,0,0,Head on,0,Mid Block,Over Speeding,Gurdwara sahib Village Kalaran,1,0,0,30.803945000000002,76.47035100000001,ODR,ODR-2,Rural,"30.803945,76.470351",1
101,101,102,203,279427,12/23/2017,2017-12-24,Morinda,1900-01-07,17:00:00,Bus/Truck,0,0,0,Car/Jeep/Van,0,0,1,Hit Pedestrian,0,Mid Block,Over Speeding,Near Vill. Balan Khurd,0,0,1,30.806201,76.4535485,Link Road,Link Road,Rural,"30.806201,76.4535485",1
102,102,103,12,"279, 304-A,427",02/12/2017,2017-02-13,Nurpur Bedi,1900-01-01,18:00:00,Two Wheeler,0,0,0,Two wheeler,1,1,0,Head on,0,Intersection,Over Speeding,Near Gurdwara Baba Deep Singh jhajj,1,1,0,31.210377,76.429328,MDR,MDR-59,Rural,"31.210377,76.429328",1
103,103,104,47,"279, 304-A ",05/17/2017,2017-05-18,Nurpur Bedi,1900-01-04,20:00:00,Car/Jeep/Van,0,0,0,Two wheeler,1,0,0,Head on,1,Intersection,over Speeding,Milk Center Asmanpur,1,0,0,31.144591,76.50152,MDR,MDR-55,Rural,"31.144591,76.50152",1
104,104,105,53,"279, 304 A, 427",06/05/2017,2017-06-05,Nurpur Bedi,1900-01-02,10:00:00,Bus/Truck,0,0,0,Two wheeler,1,1,0,Head on,1,Mid Block,over Speeding,daburji Farm Rainsrha,1,1,0,31.228621,76.364528,Link Road,Link Road,Rural,"31.228621,76.364528",0
105,105,106,72,"279,304 A,337",07/03/2017,2017-07-03,Nurpur Bedi,1900-01-02,00:15:00,Bus/Truck,1,0,0,Unknown,2,0,0,Unknown,0,Intersection,Over Speeding,Near Bus/Truck Stand Kalma ,3,0,0,31.231246999999996,76.39327,MDR,MDR-55,Rural,"31.231247,76.39327",0
106,106,107,75,"279,304-A,337,338,427",07/06/2017,2017-07-07,Nurpur Bedi,1900-01-05,20:30:00,Tractor-Trolley,0,0,0,Two wheeler,1,1,0,Head on,1,Mid Block,Over Speeding,Near Vill.Ajampur,1,1,0,31.158908,76.48741899999999,MDR,MDR-55,Rural,"31.158908,76.487419",1
107,107,108,77,279337338,07/23/2017,2017-07-28,Nurpur Bedi,1900-01-01,18:40:00,Two Wheeler,0,0,0,Pedestrian,0,1,0,Hit Pedestrian,1,Mid Block,Over Speeding,Vill.Thana,0,1,0,31.209682,76.441636,Link Road,Link Road,Rural,"31.209682,76.441636",5
108,108,109,78,279337338427,08/02/2017,2017-08-04,Nurpur Bedi,1900-01-04,07:00:00,Bus/Truck,0,0,0,Bus/Truck,0,1,0,Unknown,1,Intersection,Over Speeding,Vill.Bassi,0,1,0,31.154649,76.544849,Link Road,Link Road,Rural,"31.154649,76.544849",2
109,109,110,87,"279,304 A,427",08/17/2017,2017-08-23,Nurpur Bedi,1900-01-05,06:15:00,Car/Jeep/Van,0,0,0,Two wheeler,1,1,0,Head on,1,Intersection,Over Speeding,Vill.Sekhpur,1,1,0,31.155946000000004,76.529961,Link Road,Link Road,Rural,"31.155946,76.529961",6
110,110,111,89,"283,304 A,427",08/30/2017,2017-08-30,Nurpur Bedi,1900-01-04,01:00:00,Bus/Truck,0,0,0,Car/Jeep/Van,1,2,0,Head on,0,Mid Block,Wrong Parking,Vill Chehrh mjara,1,2,0,31.159339000000003,76.507364,Link Road,Link Road,Rural,"31.159339,76.507364",0
111,111,112,96,"279,337,338,304 A,427",09/10/2017,2017-09-12,Nurpur Bedi,1900-01-01,17:30:00,Unknown,0,0,0,Two wheeler,1,0,0,Head on,1,Intersection,Over Speeding,Asalpur road Bainsa,1,0,0,31.129673999999998,76.51599499999999,MDR,MDR-55,Rural,"31.129674,76.515995",2
112,112,113,104,279337338427,09/29/2017,2017-10-03,Nurpur Bedi,1900-01-06,18:00:00,Two Wheeler,0,0,0,Two wheeler,0,1,1,Unknown,0,Intersection,Over Speeding,Power house Bainsa,0,1,1,31.129920000000002,76.51576999999999,MDR,MDR-55,Rural,"31.12992,76.51577",4
113,113,114,112,"279,304 A,427",10/18/2017,2017-10-18,Nurpur Bedi,1900-01-04,11:00:00,Unknown,0,0,0,Two wheeler,1,0,0,Head on,1,Intersection,Over Speeding,Near sawarn Palace Nurpur bedi,1,0,0,31.163865,76.47637900000001,Link Road,Link Road,Urban,"31.163865,76.476379",0
114,114,115,125,"279,304 A",11/07/2017,2017-11-07,Nurpur Bedi,1900-01-03,12:00:00,Unknown,0,0,0,Two wheeler,1,0,0,Head on,1,Mid Block,Over Speeding,vill.Hiatpur Near PBJS School,1,0,0,31.160735,76.414711,Link Road,Link Road,Rural,"31.160735,76.414711",0
115,115,116,139,"279,304 A",12/12/2017,2017-12-13,Nurpur Bedi,1900-01-03,19:00:00,Unknown,0,0,0,Pedestrian,1,0,0,Head on,1,Mid Block,Over Speeding,Petrol pump bassi,1,0,0,31.153683,76.552042,Link Road,Link Road,Rural,"31.153683,76.552042",1
116,116,117,2,"279,304-A",01/01/2017,2017-01-01,Sadar Roopnagar,1900-01-01,17:30:00,Unknown,0,0,0,Pedestrian,1,0,0,Hit Pedestrian,0,Mid Block,Over Speeding,Thali Kalan,1,0,0,31.0216472,76.5852962,Link Road,Link Road,Rural,"31.0216472,76.5852962",0
117,117,118,11,"279,304-A,427",01/21/2017,2017-01-22,Sadar Roopnagar,1900-01-07,11:30:00,Two Wheeler,0,0,0,Cyclist,1,0,0,Head On,0,Intersection,Over Speeding,Ramgarh Tapprian,1,0,0,30.936150199999997,76.61680340000001,Link Road,Link Road,Rural,"30.9361502,76.6168034",1
118,118,119,17,"279,304-A",02/14/2017,2017-02-17,Sadar Roopnagar,1900-01-03,18:30:00,Car/Jeep/Van,0,0,0,Pedestrian,1,0,0,Head On,0,Mid Block,Over Speeding,Panjola,1,0,0,30.918257399999998,76.59794620000001,Link Road,Link Road,Rural,"30.9182574,76.5979462",3
119,119,120,40,"279,304-A,427",04/30/2017,2017-04-30,Sadar Roopnagar,1900-01-01,18:30:00,Car/Jeep/Van,0,0,0,Two Wheeler,1,0,0,Head On,0,Mid Block,Over Speeding,Khauspur,1,0,0,30.9957874,76.5443876,NH,NH-205,Rural,"30.9957874,76.5443876",0
120,120,121,41,279 427 337,05/01/2017,2017-05-03,Sadar Roopnagar,1900-01-02,10:00:00,Car/Jeep/Van,0,0,0,Cyclist,0,0,1,Hit Cyclist,0,Mid Block,Over Speeding,Ahmadpur,0,0,1,31.011566,76.5713762,NH,NH-205,Rural,"31.011566,76.5713762",2
121,121,122,44,"279,304-A",05/06/2017,2017-05-06,Sadar Roopnagar,1900-01-07,17:00:00,Bus/Truck,0,0,0,Pedestrian,1,0,0,Hit Pedestrian,0,Mid Block,Over Speeding,Ahmadpur,1,0,0,31.011566,76.571376,NH,NH-205,Rural,"31.011566,76.571376",0
122,122,123,48,"279,304-A",05/15/2017,2017-05-15,Sadar Roopnagar,1900-01-02,08:00:00,Tractor-Trolley,0,0,0,Pedestrian,1,0,0,Hit Pedestrian,0,Mid Block,Over Speeding,Fatehpur,1,0,0,30.901593800000004,76.6493897,Link Road,Link Road,Rural,"30.9015938,76.6493897",0
123,123,124,51,"279,304-A",05/26/2017,2017-05-26,Sadar Roopnagar,1900-01-06,15:40:00,Two Wheeler,0,0,0,Pedestrian,1,0,0,Hit Pedestrian,0,Mid Block,Over Speeding,Mianpur,1,0,0,30.929500199999996,76.57434090000001,Link Road,Link Road,Rural,"30.9295002,76.5743409",0
124,124,125,53,"279,337,427304-A",06/02/2017,2017-06-03,Sadar Roopnagar,1900-01-06,21:40:00,Two Wheeler,1,0,0,Two Wheeler,1,0,0,Head On,0,Intersection,Over Speeding,Tax Barrier Ghanauli ,2,0,0,31.024441200000002,76.5855158,Link Road,Link Road,Rural,"31.0244412,76.5855158",1
125,125,126,60,"279,304-A",06/18/2017,2017-06-19,Sadar Roopnagar,1900-01-01,20:30:00,Two Wheeler,0,0,0,Cyclist,1,0,0,Hit Cyclist,0,Mid Block,Over Speeding,Kheri,1,0,0,30.9245765,76.6496824,Link Road,Link Road,Rural,"30.9245765,76.6496824",1
126,126,127,63,"279,337,427304-A",06/21/2017,2017-06-21,Sadar Roopnagar,1900-01-04,06:00:00,Car/Jeep/Van,0,0,0,Car/Jeep/Van,1,0,0,Head On,0,Mid Block,Over Speeding,Inderpura,1,0,0,31.043265500000004,76.6016195,Link Road,Link Road,Rural,"31.0432655,76.6016195",0
127,127,128,71,"279,304-A",07/08/2017,2017-07-08,Sadar Roopnagar,1900-01-07,16:00:00,Bus/Truck,0,0,0,Pedestrian,1,0,0,Hit Pedestrian,0,Intersection,Over Speeding,Tax Barrier Ghanauli ,1,0,0,31.0201542,76.5920304,SH,SH-16,Rural,"31.0201542,76.5920304",0
128,128,129,81,"279,337,304-A,427",08/05/2017,2017-08-05,Sadar Roopnagar,1900-01-07,18:30:00,Bus/Truck,0,0,0,Bus/Truck,1,0,2,Head On,0,Intersection,Over Speeding,Tax Barrier Ghanauli ,1,0,2,31.0327125,76.5962992,NH,NH-205,Rural,"31.0327125,76.5962992",0
129,129,130,85,"279,304-A",08/15/2017,2017-08-16,Sadar Roopnagar,1900-01-03,23:00:00,Car/Jeep/Van,0,0,0,Pedestrian,1,0,0,Hit Pedestrian,0,Intersection,Over Speeding,Tax Barrier Ghanauli ,1,0,0,31.017687199999997,76.5634725,Link Road,Link Road,Rural,"31.0176872,76.5634725",1
130,130,131,86,279 337 427,08/21/2017,2017-08-22,Sadar Roopnagar,1900-01-02,21:30:00,Car/Jeep/Van,0,0,0,Two Wheeler,0,0,2,Head On,0,Intersection,Over Speeding,T point Malakpur,0,0,2,31.017687199999997,76.5634725,Link Road,Link Road,Rural,"31.0176872,76.5634725",1
131,131,132,90,"279,304-A,427,337",08/28/2017,2017-08-28,Sadar Roopnagar,1900-01-02,13:30:00,Bus/Truck,0,0,0,Two Wheeler,1,0,1,Head On,0,Mid Block,Over Speeding,Lohgarh Fedde,1,0,1,31.0281442,76.5654353,Link Road,Link Road,Rural,"31.0281442,76.5654353",0
132,132,133,94,"279,337,304-A,427",09/06/2017,2017-09-06,Sadar Roopnagar,1900-01-04,09:00:00,Bus/Truck,0,0,0,Two Wheeler,1,0,0,Head On,0,Mid Block,Over Speeding,Ghanaula,1,0,0,31.028104600000002,76.60454870000001,SH,SH-16,Rural,"31.0281046,76.6045487",0
133,133,134,96,"279,304-A",09/14/2017,2017-09-14,Sadar Roopnagar,1900-01-05,19:00:00,Bus/Truck,0,0,0,Car/Jeep/Van,1,0,0,Head On,0,Intersection,Over Speeding,T point Malakpur,1,0,0,31.017687199999997,76.5634723,Link Road,Link Road,Rural,"31.0176872,76.5634723",0
134,134,135,102,"279,304-A",09/22/2017,2017-09-23,Sadar Roopnagar,1900-01-06,19:30:00,Two Wheeler,0,0,0,Cyclist,1,0,0,Hit Cyclist,0,Mid Block,Over Speeding,Santokhgarh Tapprian,1,0,0,30.929609499999998,76.59581850000001,Link Road,Link Road,Rural,"30.9296095,76.5958185",1
135,135,136,120,"279,304-A",10/31/2017,2017-10-31,Sadar Roopnagar,1900-01-03,07:30:00,Bus/Truck,0,0,0,Cyclist,1,0,0,Hit Cyclist,0,Mid Block,Over Speeding,Panjoli,1,0,0,30.9219125,76.5865375,Link Road,Link Road,Rural,"30.9219125,76.5865375",0
136,136,137,122,"279,304-A",11/01/2017,2017-11-02,Sadar Roopnagar,1900-01-04,06:30:00,Bus/Truck,0,0,0,Pedestrian,1,0,0,Hit Pedestrian,0,Mid Block,Over Speeding,Singhpur,1,0,0,31.020554600000004,76.58338540000001,Link Road,Link Road,Rural,"31.0205546,76.5833854",1
137,137,138,126,"279,337,304-A",11/16/2017,2017-11-16,Sadar Roopnagar,1900-01-05,15:00:00,Car/Jeep/Van,0,0,0,Pedestrian,1,0,0,Hit Pedestrian,0,Intersection,Over Speeding,Nuho Colony,1,0,0,31.0313516,76.5757157,Link Road,Link Road,Rural,"31.0313516,76.5757157",0
138,138,139,130,"279,304-A",11/27/2017,2017-11-28,Sadar Roopnagar,1900-01-02,18:20:00,Car/Jeep/Van,0,0,0,Pedestrian,1,0,0,Hit Pedestrian,0,Mid Block,Over Speeding,Khauspur,1,0,0,30.9957875,76.544876,NH,NH-205,Rural,"30.9957875,76.544876",1
139,139,140,134,"279,304-A",12/09/2017,2017-12-09,Sadar Roopnagar,1900-01-07,05:30:00,Bus/Truck,0,0,0,Pedestrian,2,0,0,Hit Pedestrian,0,Mid Block,Over Speeding,Bahadurpur,2,0,0,31.0227175,76.5400819,Link Road,Link Road,Rural,"31.0227175,76.5400819",0
140,140,141,141,279 337 427,12/30/2017,2017-12-30,Sadar Roopnagar,1900-01-07,10:40:00,Bus/Truck,0,0,0,Two Wheeler,0,0,1,Head On,0,Mid Block,Over Speeding,Tax Barrier Ghanauli ,0,0,1,31.0245234,76.5850325,Link Road,Link Road,Rural,"31.0245234,76.5850325",0
141,141,142,3,"279, 304-A ",01/19/2017,2017-01-20,Singh Bhagwantpura ,1900-01-05,21:00:00,Bus/Truck,0,0,0,Pedestrian,1,0,0,Hit Pedestrian,0,Intersection,Over Speeding,"Near Bhrampur Zimidara ,Ropar",1,0,0,30.910049,76.544206,NH,NH-205,Rural,"30.910049,76.544206",1
142,142,143,6,"279, 337, 427",01/20/2017,2017-01-27,Singh Bhagwantpura ,1900-01-06,12:20:00,Bus/Truck,0,0,0,Two Wheeler,0,1,0,Sideswipe ,1,Intersection,Over Speeding,Bhaman Majra ,0,1,0,30.889317,76.567861,Link Road,Link Road,Rural,"30.889317,76.567861",7
143,143,144,9,"279, 337, 338 ",01/25/2017,2017-02-10,Singh Bhagwantpura ,1900-01-04,16:30:00,Car/Jeep/Van,0,0,0,Two Wheeler,0,1,0,Sideswipe ,1,Intersection,Over Speeding,Solkhiya,0,1,0,30.898922999999996,76.548158,NH,NH-205,Rural,"30.898923,76.548158",16
144,144,145,13,"279,337 ,427 ,304-A",02/12/2017,2017-02-23,Singh Bhagwantpura ,1900-01-01,16:00:00,Bus/Truck,0,0,0,Two Wheeler,1,0,0,Sideswipe ,1,Intersection,Over Speeding,Bhago Majra ,1,0,0,30.853084999999997,76.56403399999999,NH,NH-205,Rural,"30.853085,76.564034",11
145,145,146,15,"279, 337",02/23/2017,2017-03-01,Singh Bhagwantpura ,1900-01-05,19:30:00,Car/Jeep/Van,0,0,0,Pedestrian,0,1,0,Hit Pedestrian,0,Intersection,Over Speeding,Bann Majra,0,1,0,30.874823,76.556444,NH,NH-205,Rural,"30.874823,76.556444",6
146,146,147,19,"279, 337, 427, 304-A",03/10/2017,2017-03-10,Singh Bhagwantpura ,1900-01-06,03:00:00,Car/Jeep/Van,0,0,0,Car/Jeep/Van,1,0,0,Sideswipe ,1,Intersection,Over Speeding,Mugal Majri,1,0,0,30.865571000000003,76.54890400000001,Link Road,Link Road,Rural,"30.865571,76.548904",0
147,147,148,26,"279, 337, 427,",03/20/2017,2017-03-22,Singh Bhagwantpura ,1900-01-02,21:40:00,Unknown,0,0,0,Cyclist,0,1,0,Hit and Run,1,Mid Block,Over Speeding,Dhiyanpura,0,1,0,30.824883000000003,76.555903,Link Road,Link Road,Rural,"30.824883,76.555903",2
148,148,149,33,"279, 304-A ",04/27/2017,2017-04-27,Singh Bhagwantpura ,1900-01-05,08:00:00,Bus/Truck,0,0,0,Pedestrian,1,0,0,Hit Pedestrian,1,Mid Block,Over Speeding,Kalal Majra ,1,0,0,30.860234000000002,76.609504,Link Road,Link Road,Rural,"30.860234,76.609504",0
149,149,150,34,"279, 337, 338 ",05/03/2017,2017-05-05,Singh Bhagwantpura ,1900-01-04,21:15:00,Car/Jeep/Van,0,0,0,Two Wheeler,0,2,0,Sideswipe ,1,Intersection,Over Speeding,Pipli chowk ,0,2,0,30.872806,76.59183900000001,Link Road,Link Road,Rural,"30.872806,76.591839",2
150,150,151,43,"279, 337, 427,",05/03/2017,2017-05-31,Singh Bhagwantpura ,1900-01-04,12:45:00,Bus/Truck,0,0,0,Two Wheeler,0,2,0,Hit from Back,0,Intersection,Over Speeding,Solkhiya,0,2,0,30.895971000000003,76.53488399999999,Link Road,Link Road,Rural,"30.895971,76.534884",28
151,151,152,46,"279,304-A,337,427",06/08/2017,2017-06-09,Singh Bhagwantpura ,1900-01-05,18:05:00,Car/Jeep/Van,0,0,0,Two Wheeler,1,0,0,Hit from Back,1,Intersection,Over Speeding,Rangilpur,1,0,0,30.919631,76.542858,NH,NH-205,Rural,"30.919631,76.542858",1
152,152,153,51,"279,304-A",06/28/2017,2017-06-28,Singh Bhagwantpura ,1900-01-04,17:45:00,Bus/Truck,0,0,0,Cyclist,1,0,0,Hit Cyclist,1,Intersection,Over Speeding,Bann Majra,1,0,0,30.852978999999998,76.563058,Link Road,Link Road,Rural,"30.852979,76.563058",0
153,153,154,56,"279,337,427,",07/17/2017,2017-07-18,Singh Bhagwantpura ,1900-01-02,06:30:00,Bus/Truck,0,0,0,Bus/Truck,0,0,1,Head on,0,Intersection,Rough Driving,Solkhiya,0,0,1,30.908817,76.545162,NH,NH-205,Rural,"30.908817,76.545162",1
154,154,155,59,"279,337,427,",07/22/2017,2017-08-10,Singh Bhagwantpura ,1900-01-07,18:45:00,Bus/Truck,0,0,0,Cyclist,0,0,1,Hit from Back,1,Intersection,Over Speeding,"Near Bhrampur Zimidara ,Ropar",0,0,1,30.910055,76.54327099999999,NH,NH-205,Rural,"30.910055,76.543271",19
155,155,156,65,"279,304-A",09/09/2017,2017-09-16,Singh Bhagwantpura ,1900-01-07,14:00:00,Car/Jeep/Van,0,0,0,Pedestrian,1,0,0,Hit Pedestrian,1,Mid Block,Over Speeding,Bhiora ,1,0,0,30.935178999999998,76.53897099999999,NH,NH-205,Rural,"30.935179,76.538971",7
156,156,157,67,"279,304-A",09/25/2017,2017-09-26,Singh Bhagwantpura ,1900-01-02,16:00:00,Bus/Truck,0,0,0,Two Wheeler,1,0,0,Sideswipe ,1,Intersection,Over Speeding,Solkhiya,1,0,0,30.896509000000002,76.53438100000001,Link Road,Link Road,Rural,"30.896509000000002,76.534381",1
157,157,158,71,"279,304-A,427",10/13/2017,2017-10-14,Singh Bhagwantpura ,1900-01-06,19:30:00,Bus/Truck,0,0,0,Two Wheeler,1,0,0,Hit from Back,1,Intersection,Over Speeding,"Bhrampur Zimidara ,Ropar",1,0,0,30.909240999999998,76.53002099999999,Link Road,Link Road,Rural,"30.909241,76.530021",1
158,158,159,72,"279,304-A,428",09/25/2017,2017-10-15,Singh Bhagwantpura ,1900-01-02,18:45:00,Two Wheeler,0,0,1,Cyclist,1,0,0,Hit from Back,0,Mid Block,Over Speeding,Chatamli,1,0,1,30.814873,76.55484799999999,Link Road,Link Road,Rural,"30.814873,76.554848",20
159,159,160,77,"279,337 ,427 ,304-A",11/05/2017,2017-11-06,Singh Bhagwantpura ,1900-01-01,18:15:00,Bus/Truck,0,0,0,Two Wheeler,1,0,0,Sideswipe ,1,Intersection,Over Speeding,Bhadali ,1,0,0,30.831177,76.55212900000001,Link Road,Link Road,Rural,"30.831177,76.552129",1
160,160,161,82,"279,304-A",12/12/2017,2017-12-12,Singh Bhagwantpura ,1900-01-03,04:00:00,Car/Jeep/Van,0,0,0,Pedestrian,1,0,0,Hit Pedestrian,1,Intersection,Over Speeding,Khabra ,1,0,0,30.890034000000004,76.542187,Link Road,Link Road,Rural,"30.890034,76.542187",0
161,161,162,2,"279,304-A,427",12/30/2017,2018-01-16,Singh Bhagwantpura ,1900-01-07,19:00:00,Car/Jeep/Van,0,0,0,Two Wheeler,1,0,0,Hit from Back,1,Intersection,Over Speeding,Bann Majra,1,0,0,30.852745000000002,76.560126,Link Road,Link Road,Rural,"30.852745,76.560126",17
162,162,163,2,"279, 304-A ",09/01/2017,2017-10-01,Anandpur Sahib ,1900-01-06,19:45:00,Car/Jeep/Van,0,0,0,Pedestrian,1,0,0,Hit Pedestrian,0,Intersection,Over Speeding,village Rampur jajur ,1,0,0,31.288950399999997,76.4294946,SH,SH-22,Rural,"31.2889504,76.4294946",30
163,163,164,5,"279, 337, 338,427",01/18/2017,2017-01-18,Anandpur Sahib ,1900-01-04,13:50:00,Car/Jeep/Van,0,0,0,Two Wheeler,0,1,2,Head on,0,Intersection,Over Speeding,Main Road Ganguwal Morh,0,1,2,31.2553875,76.47349890000001,SH,SH-22,Rural,"31.2553875,76.4734989",0
164,164,165,9,"283,304-A, 337, 427",03/02/2017,2017-04-02,Anandpur Sahib ,1900-01-05,17:00:00,Car/Jeep/Van,0,0,0,Two Wheeler,1,1,0,Head on,0,Intersection,Over Speeding,near village Nangali ,1,1,0,31.3002506,76.42267509999999,SH,SH-22,Rural,"31.3002506,76.4226751",31
165,165,166,16,"279, 337, 427",02/14/2017,2017-02-15,Anandpur Sahib ,1900-01-03,11:30:00,Car/Jeep/Van,0,0,0,Two Wheeler,0,1,0,Head on,0,Intersection,Over Speeding,T Point Gambherpur G.T Road ,0,1,0,31.273425,76.44111099999999,SH,SH-22,Rural,"31.273425,76.441111",1
166,166,167,17,"279,304-A,427",01/30/2017,2017-02-15,Anandpur Sahib ,1900-01-02,15:00:00,Two Wheeler,0,0,0,Two Wheeler,1,0,0,Hit From Back,0,Intersection,Over Speeding,T Point matour ,1,0,0,31.2131941,76.54213969999999,SH,SH-22,Rural,"31.2131941,76.5421397",16
167,167,168,18,"279, 304-A ,427,337",02/21/2017,2017-02-21,Anandpur Sahib ,1900-01-03,11:30:00,Bus/Truck,0,0,0,Two Wheeler,1,0,1,Hit From Back,0,Mid Block,Over Speeding,Bhupnali petrol pump front village Nanagli ,1,0,1,31.294133399999996,76.4254832,SH,SH-22,Rural,"31.2941334,76.4254832",0
168,168,169,21,"279, 337, 338",02/23/2017,2017-02-26,Anandpur Sahib ,1900-01-05,23:30:00,Bus/Truck,0,0,0,Bus/Truck,0,0,1,Head on Tail,0,Intersection,Over Speeding,Agampur chowk ,0,0,1,31.239036,76.489517,SH,SH-22,Rural,"31.239036,76.489517",3
169,169,170,24,"279, 337,427",02/28/2017,2017-05-03,Anandpur Sahib ,1900-01-03,20:00:00,Car/Jeep/Van,0,0,0,Two Wheeler,0,0,1,Head on,0,Intersection,Over Speeding,village agampur ,0,0,1,31.239036,76.489517,SH,SH-22,Rural,"31.239036,76.489517",64
170,170,171,32,"279, 304-A ,",03/25/2017,2018-03-27,Anandpur Sahib ,1900-01-07,10:30:00,Unknown,0,0,0,Pedestrian,1,0,0,Hit Fixed Object,0,Intersection,Over Speeding,Near railway  coloney anandpur sahib ,1,0,0,31.233475899999995,76.49848100000001,SH,SH-22,Urban,"31.2334759,76.498481",367
171,171,172,38,"279, 337, 427",09/04/2017,2017-10-04,Anandpur Sahib ,1900-01-02,20:00:00,Car/Jeep/Van,0,0,0,Two Wheeler,0,1,3,Head on,0,Intersection,Over Speeding,village magewal ,0,1,3,31.256008,76.474347,SH,SH-22,Rural,"31.256008,76.474347",30
172,172,173,63,"279, 304-A,427",07/17/2017,2017-07-17,Anandpur Sahib ,1900-01-02,19:15:00,Car/Jeep/Van,0,0,0,Two Wheeler,1,0,0,Head on,0,Mid Block,Over Speeding,village Dasgrai,1,0,0,31.278111,76.436433,SH,SH-22,Rural,"31.278111,76.436433",0
173,173,174,66,"279, 337,338, 427",07/23/2017,2017-07-23,Anandpur Sahib ,1900-01-01,03:00:00,Bus/Truck,0,0,0,Car/Jeep/Van,0,5,10,Hit From Back,0,Intersection,Over Speeding,ravi dass chowk anandpur sahib ,0,5,10,31.237149600000006,76.4933585,SH,SH-22,Urban,"31.2371496,76.4933585",0
174,174,175,68,"279, 337 ,427",07/24/2017,2017-07-24,Anandpur Sahib ,1900-01-02,23:30:00,Bus/Truck,0,0,0,Car/Jeep/Van,0,0,1,Hit From Back,0,Intersection,Over Speeding,Near railway satation Anandpur Sahib ,0,0,1,31.233475899999995,76.4984181,SH,SH-22,Urban,"31.2334759,76.4984181",0
175,175,176,70,"279, 337, 304-A, 427",07/31/2017,2017-07-31,Anandpur Sahib ,1900-01-02,11:00:00,Bus/Truck,0,0,0,Two Wheeler,1,0,1,Hit From Back,0,Intersection,Over Speeding,main road village kotla ,1,0,1,31.2095093,76.54689549999999,SH,SH-22,Rural,"31.2095093,76.5468955",0
176,176,177,74,"279, 304-A ,337,427",11/08/2017,2017-12-08,Anandpur Sahib ,1900-01-04,22:15:00,Car/Jeep/Van,0,0,0,Car/Jeep/Van,1,1,2,Head on,0,Mid Block,Over Speeding,main road vill. Behalu ,1,1,2,31.281442,76.434106,SH,SH-22,Rural,"31.281442,76.434106",30
177,177,178,91,"279, 304-A, 427 ",09/14/2017,2017-09-28,Anandpur Sahib ,1900-01-05,13:00:00,Two Wheeler,0,0,0,Two Wheeler,1,0,1,Head on,0,Intersection,Over Speeding,near Ganguwal Morh ,1,0,1,31.2553875,76.47349890000001,SH,SH-22,Rural,"31.2553875,76.4734989",14
178,178,179,97,"279, 304-A ,337",03/10/2017,2017-04-10,Anandpur Sahib ,1900-01-06,11:20:00,Unknown,0,0,0,Two Wheeler,1,0,1,Hit From Back,0,Intersection,Over Speeding,G.T Road Anandpur Sahib ,1,0,1,31.237149600000006,76.4933585,SH,SH-22,Urban,"31.2371496,76.4933585",31
179,179,180,98,"279, 304-A, 427",04/10/2017,2017-05-10,Anandpur Sahib ,1900-01-02,22:30:00,Bus/Truck,0,0,0,Two Wheeler,1,0,0,Hit From Back,0,Mid Block,Over Speeding,near vill. Jindwari ,1,0,0,31.2999925,76.4933585,Link Road,Link Road,Rural,"31.2999925,76.4933585",30
180,180,181,100,"279,304-A,427",07/10/2017,2017-08-07,Anandpur Sahib ,1900-01-02,17:30:00,Bus/Truck,0,0,0,Two Wheeler,1,0,0,Hit From Back,0,Intersection,Over Speeding,main road vill. Agampur ,1,0,0,31.239036,76.489517,SH,SH-22,Rural,"31.239036,76.489517",28
181,181,182,103,"279,304-A,337,427",10/13/2017,2017-10-13,Anandpur Sahib ,1900-01-06,22:00:00,Unknown,0,0,0,Two Wheeler,1,0,1,Head on,0,Intersection,Over Speeding,Chandesar morh vill. Sadewal ,1,0,1,31.2432739,76.4845757,SH,SH-22,Rural,"31.2432739,76.4845757",0
182,182,183,109,"279,304-A",11/18/2017,2017-11-18,Anandpur Sahib ,1900-01-07,09:30:00,Unknown,0,0,0,Pedestrian,1,0,0,Hit Pedestrian,0,Intersection,Over Speeding,main road vill. Magewal ,1,0,0,31.256008,76.474347,SH,SH-22,Rural,"31.256008,76.474347",0
183,183,184,112,"279,337,304-A,427",11/28/2017,2017-11-28,Anandpur Sahib ,1900-01-03,02:30:00,Unknown,0,0,0,Bus/Truck,1,0,1,Head on,0,Mid Block,Over Speeding,main road vill. Dher ,1,0,1,31.263219,76.456406,SH,SH-22,Rural,"31.263219,76.456406",0
184,184,185,128,"279,304-A,427 ",12/16/2017,2017-12-16,Anandpur Sahib ,1900-01-07,19:00:00,Two Wheeler,0,0,0,Two Wheeler,1,0,0,Head on,0,Intersection,Over Speeding,near pehlvan dhaba anandpur sahib ,1,0,0,31.239036,76.489517,SH,SH-22,Rural,"31.239036,76.489517",0
185,185,186,132,279337338427,12/22/2017,2017-12-23,Anandpur Sahib ,1900-01-06,18:00:00,Car/Jeep/Van,0,0,0,Two Wheeler,0,1,1,Hit From Back,0,Intersection,Over Speeding,near vill. Rampur jajjar,0,1,1,31.288950399999997,76.4294946,SH,SH-22,Urban,"31.2889504,76.4294946",1
186,186,187,135,"279,304-A,427",12/27/2017,2017-12-28,Anandpur Sahib ,1900-01-04,21:15:00,Car/Jeep/Van,0,0,0,Two Wheeler,1,0,0,Hit From Back,0,Intersection,Over Speeding,near railway station main road anandpur sahib ,1,0,0,31.233475899999995,76.4984181,SH,SH-22,Rural,"31.2334759,76.4984181",1
187,187,188,140,"279,337,304-A,427",12/31/2017,2017-12-31,Anandpur Sahib ,1900-01-01,18:45:00,Bus/Truck,0,0,0,Two Wheeler,2,1,1,Sideswipe ,0,Intersection,Over Speeding,main road vill. Dher ,2,1,1,31.269153000000003,76.44802800000001,SH,SH-22,Rural,"31.269153,76.448028",0
188,188,189,11,279337427338,01/09/2017,2017-01-26,Nangal,1900-01-02,10:45:00,Bus/Truck,0,0,0,Car/Jeep/Van,0,1,0,Head on,0,Mid Block,Approaching from wrong side,ajouli,0,1,0,31.2885055,76.3253678,Link Road,Link Road,Rural,"31.2885055,76.3253678",17
189,189,190,18,279337338427,02/06/2017,2017-02-14,Nangal,1900-01-02,19:30:00,Tractor-Trolley,0,0,0,Two Wheeler,0,2,0,Unknown,0,Mid Block,Over Speeding,khera kamlot,0,2,0,31.2885055,76.3253678,Link Road,Link Road,Rural,"31.2885055,76.3253678",8
190,190,191,20,"279,304-A",02/23/2017,2017-02-24,Nangal,1900-01-05,19:15:00,Car/Jeep/Van,0,0,0,Two Wheeler,1,0,0,Unknown,0,Intersection,Over Speeding,patti,1,0,0,31.3404104,76.3961028,SH,SH-22,Rural,"31.3404104,76.3961028",1
191,191,192,24,"279,337,304-A,427",03/01/2017,2017-03-01,Nangal,1900-01-04,12:50:00,Car/Jeep/Van,0,0,0,Two Wheeler,1,1,0,Head on,0,Mid Block,Approaching from wrong side,ajouli,1,1,0,31.327151,76.406873,SH,SH-22,Rural,"31.327151,76.406873",0
192,192,193,32,"279,304-A,427,337",03/20/2017,2017-03-20,Nangal,1900-01-02,08:35:00,Car/Jeep/Van,0,0,0,Two Wheeler,1,1,0,Sideswipe ,0,Mid Block,Over Speeding,jandla,1,1,0,31.317204999999998,76.413861,SH,SH-22,Rural,"31.317205,76.413861",0
193,193,194,35,"279,304-A,427",03/25/2017,2017-03-26,Nangal,1900-01-07,21:30:00,Car/Jeep/Van,0,0,0,Cyclist,1,0,0,Hit Cyclist,0,Intersection,Over Speeding,naya nangal,1,0,0,31.378928000000002,76.343867,SH,SH-25,Rural,"31.378928,76.343867",1
194,194,195,40,"279,337,304-A,427",03/31/2017,2017-03-31,Nangal,1900-01-06,08:30:00,Unknown,0,0,0,Two Wheeler,1,2,0,Unknown,0,Mid Block,Over Speeding,Raipur,1,2,0,31.3842533,76.38856136,Muncipality Road,Muncipality Road,Urban,"31.3842533,76.38856136",0
195,195,196,42,"279,337,304-A,427",04/05/2017,2017-04-05,Nangal,1900-01-04,06:10:00,Bus/Truck,0,0,0,Bus/Truck,1,11,0,Head on,0,Mid Block,Approaching from wrong side,daroli,1,11,0,31.314064399999996,76.04152704,Link Road,Link Road,Rural,"31.3140644,76.04152704",0
196,196,197,46,"279,304-A",04/08/2017,2017-04-12,Nangal,1900-01-07,16:35:00,Two Wheeler,0,0,0,Pedestrian,1,0,0,Hit Pedestrian,0,Mid Block,Over Speeding,hambyal,1,0,0,31.3842533,76.3721895,Muncipality Road,Muncipality Road,Urban,"31.3842533,76.3721895",4
197,197,198,47,"279,304-A,427",04/12/2017,2017-04-13,Nangal,1900-01-04,10:30:00,Bus/Truck,0,0,0,Cyclist,1,0,0,Hit Cyclist,0,Intersection,Over Speeding,patti,1,0,0,31.3404104,76.3961028,SH,SH-22,Rural,"31.3404104,76.3961028",1
198,198,199,52,"279,304-A",04/26/2017,2017-04-29,Nangal,1900-01-04,10:00:00,Car/Jeep/Van,0,0,0,Pedestrian,1,0,0,Hit Pedestrian,0,Mid Block,Over Speeding,nangal,1,0,0,31.370449199999996,76.3754854,SH,SH-22,Urban,"31.3704492,76.3754854",3
199,199,200,54,"279,304,304-A,427",04/30/2017,2017-04-30,Nangal,1900-01-01,16:25:00,Bus/Truck,0,0,0,Two Wheeler,2,0,0,Hit from Back,0,Mid Block,Over Speeding,KALSHERA,2,0,0,31.394227299999997,76.3443724,SH,SH-25,Rural,"31.3942273,76.3443724",0
200,200,201,94,279337338427,06/25/2017,2017-06-30,Nangal,1900-01-01,18:00:00,Bus/Truck,0,0,0,Two Wheeler,0,2,0,Hit from Side,0,Mid Block,Over Speeding,KALSHERA,0,2,0,31.3947743,76.3443724,SH,SH-25,Rural,"31.3947743,76.3443724",5
201,201,202,97,"279,337,338,304-A",07/01/2017,2017-07-03,Nangal,1900-01-07,09:30:00,Unknown,0,0,0,Cyclist,1,0,0,Hit Cyclist,0,Mid Block,Over Speeding,daroli,1,0,0,31.406440000000003,76.4152704,Link Road,Link Road,Rural,"31.40644,76.4152704",2
202,202,203,98,"279,337,338,427,",07/05/2017,2017-07-07,Nangal,1900-01-04,18:20:00,Bus/Truck,0,0,0,Bus/Truck,0,1,0,Head on,0,Intersection,Approaching from wrong side,MP di kothi nangal,0,1,0,31.358310999999997,76.38194200000001,SH,SH-22,Urban,"31.358311,76.381942",2
203,203,204,100,"279,337,338,427,304-A",07/10/2017,2017-07-11,Nangal,1900-01-02,21:30:00,Bus/Truck,0,0,0,Car/Jeep/Van,1,0,0,Head on,0,Mid Block,Approaching from wrong side,BRAHMPUR,1,0,0,31.3842533,76.3721895,Muncipality Road,Muncipality Road,Urban,"31.3842533,76.3721895",1
204,204,205,109,279337338427,07/03/2017,2017-07-25,Nangal,1900-01-02,17:00:00,Car/Jeep/Van,0,0,0,Two Wheeler,0,1,0,Hit from Back,0,Mid Block,Over Speeding,nangal,0,1,0,31.370444199999998,76.3754854,SH,SH-22,Urban,"31.3704442,76.3754854",22
205,205,206,112,279337338427,07/25/2017,2017-07-29,Nangal,1900-01-03,12:30:00,Bus/Truck,0,0,0,Two Wheeler,0,1,0,Head on,0,Mid Block,Approaching from wrong side,BHALLAN,0,1,0,31.275978100000003,76.35964990000001,SH,SH-22,Rural,"31.2759781,76.3596499",4
206,206,207,116,"279,427,304-A",08/03/2017,2017-08-04,Nangal,1900-01-05,14:00:00,Car/Jeep/Van,0,0,0,Two Wheeler,1,0,0,Hit from Back,0,Intersection,Over Speeding,MP di kothi nangal,1,0,0,31.3583,76.381986,SH,SH-22,Urban,"31.3583,76.381986",1
207,207,208,129,279338427,08/17/2017,2017-08-29,Nangal,1900-01-05,15:54:00,Car/Jeep/Van,0,0,0,Two Wheeler,0,1,0,Head on,0,Mid Block,Approaching from wrong side,BRAHMPUR,0,1,0,31.3842533,76.38856136,Muncipality Road,Muncipality Road,Urban,"31.3842533,76.38856136",12
208,208,209,133,"279,304-A,337,427",09/05/2017,2017-09-05,Nangal,1900-01-03,12:30:00,Bus/Truck,0,0,0,Car/Jeep/Van,2,0,0,Hit from Side,0,Intersection,Over Speeding,naya nangal,2,0,0,31.378928000000002,76.343867,SH,SH-25,Rural,"31.378928,76.343867",0
209,209,210,138,279337338427,09/01/2017,2017-09-14,Nangal,1900-01-06,16:00:00,Two Wheeler,0,0,0,Car/Jeep/Van,0,1,0,Head on,0,Intersection,Approaching from wrong side,Raipur,0,1,0,31.3404104,76.3961028,SH,SH-22,Rural,"31.3404104,76.3961028",13
210,210,211,140,"279,337,338,",08/18/2017,2017-09-16,Nangal,1900-01-06,09:30:00,Bus/Truck,0,0,0,Two Wheeler,0,1,0,Hit from Side,0,Intersection,Over Speeding,naya nangal,0,1,0,31.380086,76.363125,SH,SH-25,Rural,"31.380086,76.363125",29
211,211,212,166,"279,304-A,427",11/08/2017,2017-11-08,Nangal,1900-01-04,06:20:00,Car/Jeep/Van,0,0,0,Two Wheeler,1,0,0,Hit from Back,0,Mid Block,Over Speeding,Raipur,1,0,0,31.354007399999997,76.3834434,SH,SH-22,Rural,"31.3540074,76.3834434",0
212,212,213,171,"279,337,338,427,",11/13/2017,2017-11-15,Nangal,1900-01-02,14:40:00,Two Wheeler,0,0,0,Two Wheeler,0,2,0,Hit from Side,0,Mid Block,Over Speeding,BRAHMPUR,0,2,0,31.3842533,76.3721895,Muncipality Road,Muncipality Road,Urban,"31.3842533,76.3721895",2
213,213,214,174,"279,337,338,427,304-A",11/17/2017,2017-11-18,Nangal,1900-01-06,18:03:00,Two Wheeler,0,0,0,Two Wheeler,1,1,0,Head on,0,Intersection,Over Speeding,badlari,1,1,0,31.3416963,76.3950177,SH,SH-22,Rural,"31.3416963,76.3950177",1
214,214,215,181,279337338427,11/22/2017,2017-12-06,Nangal,1900-01-04,19:00:00,Car/Jeep/Van,0,0,0,Two Wheeler,0,2,0,Head on,0,Intersection,Over Speeding,nangal,0,2,0,31.3933281,76.3814892,Muncipality Road,Muncipality Road,Urban,"31.3933281,76.3814892",14
215,215,216,184,"279,304-A,427",12/17/2017,2017-12-18,Nangal,1900-01-01,00:00:00,Bus/Truck,0,0,0,Car/Jeep/Van,1,0,0,Head on,0,Mid Block,Over Speeding,daroli,1,0,0,31.24105,76.4164432,Link Road,Link Road,Rural,"31.24105,76.4164432",1
216,216,217,185,279337338427,12/06/2017,2017-12-18,Nangal,1900-01-04,13:20:00,Car/Jeep/Van,0,0,0,Two Wheeler,0,1,0,Hit from Back,0,Intersection,Over Speeding,suksaal,0,1,0,31.406062,76.3427994,SH,SH-25,Rural,"31.406062,76.3427994",12
